split,class_id,class_folder,image_count
train,0,0_NOR,15980
train,1,1_F&S,1191
train,2,2_SD,1194
train,3,3_MY,1223
train,4,4_AP,1208
train,5,5_BN,1198
train,6,6_UN,1185
train,7,7_IM,1588
val,0,0_NOR,2020
val,1,1_F&S,145
val,2,2_SD,156
val,3,3_MY,127
val,4,4_AP,142
val,5,5_BN,143
val,6,6_UN,150
val,7,7_IM,212
test,0,0_NOR,2000
test,1,1_F&S,150
test,2,2_SD,150
test,3,3_MY,150
test,4,4_AP,150
test,5,5_BN,150
test,6,6_UN,150
test,7,7_IM,200
train_bal,0,0_NOR,1192
train_bal,1,1_F&S,1191
train_bal,2,2_SD,1192
train_bal,3,3_MY,1192
train_bal,4,4_AP,1192
train_bal,5,5_BN,1192
train_bal,6,6_UN,1185
train_bal,7,7_IM,1192
