class_id,class_name,feature,mean_abs_shap,explanation_samples
0,0_NOR,deep_feature_484,0.49369374,178
0,0_NOR,deep_feature_314,0.24814983,178
0,0_NOR,deep_feature_647,0.14269644,178
0,0_NOR,glcm_homogeneity_mean,0.14191137,178
0,0_NOR,deep_feature_229,0.11943682,178
0,0_NOR,deep_feature_722,0.104868576,178
0,0_NOR,shape_solidity,0.09383402,178
0,0_NOR,deep_feature_349,0.091717646,178
0,0_NOR,deep_feature_1230,0.09099965,178
0,0_NOR,color_hsv_s_max,0.09027383,178
1,1_F&S,shape_aspect_ratio,0.8626146,24
1,1_F&S,shape_major_axis_length,0.7374222,24
1,1_F&S,shape_eccentricity,0.73151064,24
1,1_F&S,shape_height,0.36161003,24
1,1_F&S,deep_feature_853,0.08956934,24
1,1_F&S,deep_feature_391,0.0773982,24
1,1_F&S,deep_feature_817,0.07112109,24
1,1_F&S,deep_feature_287,0.070915304,24
1,1_F&S,deep_feature_992,0.06903336,24
1,1_F&S,deep_feature_413,0.06413587,24
2,2_SD,shape_height,1.4743155,14
2,2_SD,deep_feature_030,0.25375745,14
2,2_SD,glcm_correlation_mean,0.15417257,14
2,2_SD,deep_feature_013,0.14481485,14
2,2_SD,deep_feature_203,0.13283226,14
2,2_SD,deep_feature_817,0.13074294,14
2,2_SD,deep_feature_1154,0.12905568,14
2,2_SD,deep_feature_404,0.11166842,14
2,2_SD,deep_feature_1123,0.11161522,14
2,2_SD,deep_feature_1080,0.09551991,14
3,3_MY,deep_feature_574,0.6542576,15
3,3_MY,deep_feature_779,0.19072513,15
3,3_MY,deep_feature_090,0.13141623,15
3,3_MY,color_lab_b_mean,0.12812272,15
3,3_MY,deep_feature_172,0.105121784,15
3,3_MY,deep_feature_603,0.100273386,15
3,3_MY,deep_feature_256,0.09558472,15
3,3_MY,deep_feature_107,0.09519677,15
3,3_MY,shape_height,0.0797694,15
3,3_MY,deep_feature_906,0.07835323,15
4,4_AP,glcm_contrast_std,0.94543576,26
4,4_AP,color_lab_b_mean,0.348203,26
4,4_AP,deep_feature_605,0.32604593,26
4,4_AP,color_rgb_g_max,0.26578087,26
4,4_AP,color_lab_a_min,0.21642767,26
4,4_AP,deep_feature_004,0.19101936,26
4,4_AP,deep_feature_1098,0.18839628,26
4,4_AP,glcm_contrast_mean,0.18672721,26
4,4_AP,color_lab_a_mean,0.17783576,26
4,4_AP,deep_feature_1074,0.13318013,26
5,5_BN,shape_height,1.0973942,19
5,5_BN,color_lab_a_mean,0.57564497,19
5,5_BN,deep_feature_160,0.5201987,19
5,5_BN,color_hsv_s_mean,0.47068897,19
5,5_BN,shape_area,0.39036378,19
5,5_BN,color_hsv_h_std,0.18757322,19
5,5_BN,shape_convex_hull_area,0.18523526,19
5,5_BN,deep_feature_051,0.17223507,19
5,5_BN,deep_feature_138,0.15800436,19
5,5_BN,color_lab_b_min,0.14347017,19
6,6_UN,color_lab_b_mean,1.9757115,11
6,6_UN,color_lab_b_std,0.64697784,11
6,6_UN,color_lab_a_mean,0.3882843,11
6,6_UN,color_lab_a_min,0.37491062,11
6,6_UN,color_hsv_s_mean,0.17612335,11
6,6_UN,color_lab_a_std,0.16111241,11
6,6_UN,deep_feature_151,0.15715717,11
6,6_UN,deep_feature_494,0.14957945,11
6,6_UN,glcm_contrast_mean,0.13820139,11
6,6_UN,deep_feature_203,0.094278954,11
7,7_IM,deep_feature_262,1.786907,13
7,7_IM,deep_feature_766,1.0125058,13
7,7_IM,deep_feature_475,0.6749544,13
7,7_IM,deep_feature_104,0.5399055,13
7,7_IM,deep_feature_012,0.2740941,13
7,7_IM,deep_feature_438,0.23385188,13
7,7_IM,deep_feature_1150,0.18926802,13
7,7_IM,deep_feature_979,0.18791777,13
7,7_IM,deep_feature_343,0.14835396,13
7,7_IM,deep_feature_474,0.13925,13
