feature,mean_abs_shap
shape_height,0.18826343
color_lab_b_mean,0.17631903
shape_major_axis_length,0.14983273
shape_eccentricity,0.12948993
deep_feature_766,0.10842074
shape_area,0.099297956
color_hsv_s_mean,0.09521995
deep_feature_475,0.08569857
color_lab_b_std,0.08068948
deep_feature_203,0.07216906
deep_feature_484,0.06669731
deep_feature_262,0.06099748
deep_feature_104,0.055179507
glcm_contrast_std,0.05328301
color_lab_a_mean,0.053235434
deep_feature_574,0.048652254
glcm_contrast_mean,0.04339605
shape_aspect_ratio,0.042137843
deep_feature_979,0.03922717
glcm_homogeneity_mean,0.03768639
